Nombre,Edad,Peso,Altura,IMC
Adrian,20.0,50.0,1.5,22.22222222222222
Lucas,43.0,40.0,1.73,13.364963747535834
Xabi,43.0,44.0,1.73,14.70146012228942
Plola,4.0,10.0,0.3,0.0
