Nombre,Edad,Peso,Altura,IMC
Elena,27,65.0,1.6,25.390624999999996
Gerald,30,80.0,1.8,25.390624999999996
