Nombre,Edad,Peso,Altura,IMC,Nivel de peso
ty,15.0,70.0,1.7,24.221453287197235,Peso Normal
po,15.0,20.0,1.7,24.221453287197235,Peso Normal
io,15.0,20.0,1.7,6.920415224913495,Peso INFERIOR al normal
kk,15.0,90.0,1.7,31.14186851211073,Obeso
nn,15.0,85.0,1.7,29.411764705882355,Peso SUPERIOR al normal
lol,67.0,90.0,2.0,22.5,Normal
